{
 "configparams": [
 [{"name":"location_get_url"},{"value":"https://i0z64hdcxc.execute-api.us-east-1.amazonaws.com/PROD/locations"}],
 [{"name":"location_post_url"},{"value":"http://localhost:4200/restapi/locations"}],
 [{"name":"location_put_url"},{"value":"http://localhost:4200/restapi/locations"}],
 [{"name":"location_delete_url"},{"value":"http://localhost:4200/restapi/locations?locationid="}],
 [{"name":"item_get_url"},{"value":"http://localhost:4200/restapi/items"}],
 [{"name":"itemdetail_get_url"},{"value":"https://i0z64hdcxc.execute-api.us-east-1.amazonaws.com/PROD/item"}],
 [{"name":"item_post_url"},{"value":"https://qhtbyssyv7.execute-api.us-east-1.amazonaws.com/prod/items"}],
 [{"name":"item_put_url"},{"value":"https://i0z64hdcxc.execute-api.us-east-1.amazonaws.com/PROD/items"}],
 [{"name":"item_delete_url"},{"value":"http://localhost:4200/restapi/items?itemid="}],
 [{"name":"subitem_get_url"},{"value":"http://localhost:4200/restapi/subitems"}],
 [{"name":"filter_get_url"},{"value":"https://i0z64hdcxc.execute-api.us-east-1.amazonaws.com/PROD/filters"}],
 [{"name":"category_get_url"},{"value":"http://localhost:4200/restapi/categories"}],
 [{"name":"costcentre_get_url"},{"value":"http://localhost:4200/restapi/costcentres"}]
 ]
}
